imdb_id,imdb_rating,imdb_votes
tt0177489,5.4,81
tt0098168,6.8,1993
tt0233146,5.0,44
tt0100816,6.3,1602
tt0122427,6.7,1298
tt0096896,6.5,165
tt0231214,5.8,41
tt0349122,6.7,66
tt0096922,4.7,102
tt0100095,7.3,10089
tt0405852,5.6,56
tt0926191,4.1,13
tt0097143,7.4,172
tt0373778,5.4,16
tt0097045,6.8,1425
tt0097264,7.3,418
tt0359169,5.3,91
tt0187043,5.5,68
tt0215789,5.2,31
tt0172509,6.0,37
tt0093182,6.3,241
tt0363634,6.1,56
tt0097466,6.6,94
tt0172509,6.0,37
tt0089382,5.7,231
tt0097513,5.8,29
tt0359442,6.0,25
tt0097563,4.7,120
tt0097609,4.0,433
tt0363691,6.1,17
tt0427400,4.3,12
tt0373935,5.6,185
tt0097642,5.4,116
tt0246727,6.2,20
tt0097640,5.5,172
tt0233990,5.7,58
tt0366696,6.4,39
tt0275466,6.0,34
tt0319787,5.7,29
tt0097784,5.7,788
tt0097812,7.3,648
tt0097813,5.2,53
tt0187351,5.2,248
tt0097926,5.6,118
tt0154820,6.6,12
tt0232276,5.7,6
tt0102705,5.9,191
tt0260303,5.2,194
tt0260336,5.0,30
tt0155131,5.7,35
tt0359965,5.0,27
tt0155175,5.0,23
tt0360051,6.7,37
tt0098491,4.8,566
tt0102636,7.9,2791
tt0290820,7.6,1019
tt0374310,6.0,9
tt0100857,4.6,136
tt0173415,7.4,47
tt0123370,6.8,27
tt0231073,4.9,25
tt0177505,5.3,61
tt0247915,5.2,22
tt0309261,5.7,18
tt0383875,7.3,60
tt0363407,5.3,19
tt0388748,4.3,12
tt0154311,5.6,38
tt0094720,5.1,130
tt0168516,5.9,724
tt0254247,7.2,70
tt0363525,4.3,137
tt0377738,4.9,145
tt0094958,6.6,491
tt0095010,5.7,12
tt0359170,6.7,18
tt0448454,5.1,15
tt0249492,6.9,18
tt0363659,4.6,11
tt0359309,5.2,20
tt0095198,4.7,509
tt0231646,5.0,163
tt0315893,5.2,33
tt0243294,6.2,9
tt0314049,6.3,10
tt0363666,7.0,326
tt0366593,5.1,12
tt0095375,5.5,53
tt0361772,4.8,111
tt0382771,3.8,8
tt0254462,5.9,7
tt0440530,3.5,24
tt0363735,4.9,15
tt0156663,6.2,146
tt0151206,6.6,907
tt0095440,4.7,155
tt0215931,8.2,33
tt0300160,6.9,332
tt0366739,5.3,19
tt0446395,7.6,43
tt0359657,4.9,24
tt0157974,5.2,44
tt0239654,5.2,37
tt0093555,5.4,65
tt0363832,5.1,16
tt0244670,6.6,36
tt0430446,4.5,8
tt0246825,7.3,280
tt0243472,5.7,85
tt0384403,5.7,56
tt0095857,7.0,137
tt0251355,8.6,2975
tt0363000,4.4,10
tt0259541,7.0,64
tt0423100,7.2,34
tt0232564,5.1,36
tt0095955,4.4,183
tt0359859,6.5,17
tt0155074,6.5,82
tt0350030,5.4,14
tt0095936,7.5,9677
tt0187060,4.7,35
tt0216171,6.6,23
tt0096139,4.8,72
tt0093949,6.3,1638
tt0096140,6.0,49
tt0376886,5.6,14
tt0096028,8.0,7885
tt0096390,5.5,179
tt0096252,7.0,1712
tt0094979,6.1,874
tt0448812,6.4,21
tt0300575,7.5,55
tt0260494,6.7,581
tt0390669,6.0,7
tt0230978,6.5,38
tt0367214,6.7,121
tt0096415,6.5,71
tt0096477,6.3,154
tt0364135,6.2,48
tt0358302,6.0,65
tt0177487,5.5,83
tt0156256,6.3,261
tt0313213,6.3,21
tt0186838,6.5,91
tt0158477,6.1,43
tt0266439,6.6,228
tt0449892,5.7,38
tt0260838,5.3,55
tt0270299,5.6,29
tt0317312,6.0,224
tt0405864,4.8,21
tt0385655,5.4,16
tt0095300,5.4,125
tt0317637,5.9,34
tt1002683,5.4,27
tt0092888,5.1,18
tt0154589,5.5,31
tt0091256,8.2,1180
tt0359457,5.6,52
tt0361746,6.0,101
tt0359440,6.2,118
tt0231796,4.7,42
tt0093263,6.9,56
tt0230346,5.5,37
tt0093293,6.7,129
tt0260097,4.7,23
tt0093287,5.1,26
tt0156691,6.5,162
tt0095432,6.8,18
tt0359549,4.4,13
tt0248135,5.8,258
tt0359614,6.0,179
tt0386551,3.4,5
tt0368022,4.4,8
tt0357879,5.3,6
tt0234207,6.1,78
tt0154846,4.9,14
tt0154821,5.0,23
tt0215987,5.5,19
tt0427524,5.6,29
tt0158107,7.0,57
tt0093578,7.8,12671
tt0239682,6.2,24
tt0361941,3.7,21
tt0089599,7.7,998
tt0093604,6.3,72
tt0363876,6.0,16
tt0359808,6.7,39
tt0363914,6.8,47
tt0350005,7.4,32
tt0363972,4.3,21
tt0362999,5.2,26
tt0230737,6.8,82
tt0359990,5.5,84
tt0243561,5.6,25
tt0094081,7.3,23
tt0350177,6.5,35
tt0094132,6.1,52
tt0096355,4.7,90
tt0094299,6.2,93
tt0369063,7.8,34
tt0177478,5.8,5
tt0154104,4.3,30
tt0090577,5.8,39
tt0280398,6.3,32
tt0090575,7.0,1096
tt0358926,6.1,28
tt0090611,5.5,108
tt0233206,7.0,119
tt2619760,6.6,9
tt0231140,6.7,44
tt0157316,7.6,362
tt0366182,7.2,43
tt0239246,5.5,26
tt0395453,6.5,159
tt0358950,4.3,34
tt0186871,4.3,154
tt0270219,6.3,144
tt0090812,7.5,1360
tt0158574,5.5,40
tt0186799,6.1,83
tt0363567,3.8,1129
tt0090958,5.9,55
tt0827765,6.9,15
tt0377845,7.1,103
tt0157571,8.3,1374
tt0091105,7.1,100
tt0154532,5.3,52
tt0154559,7.7,34
tt0091320,6.0,26
tt0091258,6.2,72
tt0091267,4.9,17
tt0239495,5.7,84
tt0361773,4.2,44
tt0091284,6.1,606
tt0366656,4.5,6
tt0091328,7.4,1645
tt0464995,6.8,9
tt0359619,5.8,71
tt0093518,6.1,37
tt0091439,6.5,16
tt0091512,3.2,5
tt0359677,5.0,6
tt0361904,4.8,27
tt0260222,5.7,115
tt0364551,5.2,29
tt0089678,7.5,142
tt0376768,6.0,8
tt0154909,6.2,35
tt0260217,7.1,21
tt0091598,7.5,832
tt0187528,5.9,27
tt0424339,6.6,46
tt0091806,3.4,23
tt0358053,6.1,39
tt0302955,7.0,164
tt0091601,6.6,682
tt0363993,6.5,38
tt0156052,6.4,46
tt0234739,5.4,9
tt0155227,5.6,85
tt0092033,6.8,84
tt0260411,5.2,122
tt0092049,5.5,28
tt0158212,7.1,32
tt0154105,4.9,31
tt0390657,7.2,25
tt0247910,6.7,131
tt0178187,6.5,34
tt0268117,6.5,35
tt0364049,4.4,107
tt0088687,7.0,133
tt0268131,6.4,72
tt0177490,7.1,110
tt0213449,5.5,17
tt0249358,7.6,91
tt0266260,7.1,739
tt0092599,4.9,67
tt0360399,7.3,52
tt0339998,5.8,20
tt0186850,5.8,40
tt0321421,6.4,37
tt0362445,5.7,52
tt0377496,6.0,41
tt0268990,5.9,38
tt0448392,4.9,26
tt0157518,7.4,21
tt0359143,5.9,34
tt0359167,5.2,17
tt0243230,6.3,17
tt0408734,6.6,13
tt0384074,6.5,15
tt0089119,4.3,47
tt0088986,7.5,98
tt0231645,7.5,34
tt0089194,6.1,386
tt0089201,7.2,397
tt0260064,4.6,14
tt0257763,4.6,27
tt0087434,6.5,46
tt0243333,6.8,32
tt0154620,5.2,66
tt0361761,4.5,31
tt0244567,6.7,115
tt0292036,5.0,10
tt0359492,5.6,19
tt0496523,6.3,46
tt0089465,5.2,20
tt0363777,4.3,16
tt0243395,4.5,23
tt0089552,6.1,1353
tt0363786,6.3,14
tt0363787,5.3,19
tt0089413,7.5,844
tt0362797,4.6,12
tt0961069,6.2,10
tt0234211,7.5,81
tt0089582,5.7,28
tt0257910,5.4,9
tt0359685,4.8,19
tt0089610,6.0,77
tt0084324,7.3,963
tt0237565,6.4,12
tt0419005,5.6,17
tt1010439,6.3,23
tt0158047,6.1,34
tt0154998,5.7,64
tt0087958,6.3,140
tt0155985,6.7,58
tt0152139,6.7,840
tt0240849,5.7,7
tt0187271,6.6,73
tt0152256,7.1,780
tt0089952,7.2,417
tt0187485,5.4,30
tt0089959,6.9,65
tt0376887,4.6,39
tt0090138,7.0,78
tt0358068,5.9,44
tt0245525,5.5,20
tt0090202,7.1,162
tt0350195,5.5,190
tt0270091,5.8,29
tt0090358,6.1,149
tt0302058,6.5,34
tt0230991,5.5,73
tt0390666,5.8,8
tt0177496,5.9,54
tt0158451,5.7,65
tt0178182,5.1,15
tt0178209,4.0,9
tt0178211,6.6,68
tt0090581,6.1,95
tt0233182,4.9,28
tt0154143,6.0,35
tt0086892,5.3,125
tt0158465,6.0,9
tt0262242,6.5,37
tt0268160,6.5,36
tt0149857,7.2,28
tt0186794,6.6,52
tt0379249,7.1,30
tt0367546,5.5,14
tt0315319,6.1,112
tt0301231,7.0,117
tt0154446,7.0,46
tt0262458,5.2,19
tt0362674,5.6,20
tt1252292,6.3,16
tt0087474,5.9,223
tt0087417,7.6,528
tt0359473,5.1,39
tt0087492,6.3,58
tt0157844,6.3,140
tt0373041,5.8,18
tt0231816,5.8,47
tt0354671,6.5,35
tt0357812,6.2,39
tt0296702,7.3,50
tt0877649,6.9,39
tt0362798,5.7,105
tt0085785,7.2,202
tt0087586,4.5,29
tt0230294,7.2,73
tt0154531,5.4,61
tt0359684,3.7,34
tt0157917,6.8,111
tt0316190,6.6,28
tt0234138,4.9,23
tt0085912,7.4,560
tt0232080,5.3,10
tt0268456,5.2,21
tt0087736,7.1,131
tt0154844,5.9,62
tt0280968,7.4,325
tt0187344,6.2,39
tt0087886,6.6,136
tt0087868,7.4,267
tt0351552,6.4,5
tt0481897,5.2,54
tt0253514,6.4,408
tt0363002,5.8,23
tt0087975,6.0,110
tt0366939,7.1,34
tt0359875,5.8,12
tt0088031,8.2,1567
tt0451901,6.1,9
tt2784992,6.8,12
tt0313596,7.1,20
tt0152509,6.1,223
tt0232734,5.6,109
tt0088227,7.1,42
tt0248289,7.2,207
tt0262913,6.4,38
tt0240082,6.6,17
tt0088335,6.9,317
tt0362303,6.5,25
tt0363196,7.0,6
tt0088099,7.4,2395
tt0246269,4.6,8
tt0260579,6.3,33
tt0277446,6.2,30
tt0262933,4.7,19
tt0246413,6.5,132
tt0088442,5.3,28
tt0244380,6.5,19
tt0125556,5.7,97
tt0085165,6.1,581
tt0083575,7.5,71
tt0247936,6.2,60
tt0233264,7.1,479
tt0317117,5.8,86
tt0268169,7.0,32
tt0312445,3.2,16
tt0254179,6.6,449
tt0085178,8.2,1427
tt0085361,6.7,1791
tt0271432,5.6,23
tt0340090,6.7,13
tt0396553,3.3,15
tt0361532,6.8,13
tt0361601,4.5,11
tt0085456,6.3,21
tt0123102,6.7,701
tt0268373,6.4,31
tt0085743,8.4,11910
tt0361771,5.1,22
tt0187193,5.6,63
tt0361793,6.3,48
tt0187150,4.4,231
tt0244590,7.3,458
tt0245222,5.8,6
tt0085776,7.9,951
tt0230465,6.9,7
tt0187195,6.3,57
tt0155840,4.8,24
tt0187176,6.0,61
tt0085886,6.1,373
tt0361869,5.6,28
tt0085896,7.6,590
tt0085913,8.5,3204
tt0158768,6.6,82
tt0260207,6.7,37
tt0084393,5.6,325
tt0154857,5.3,60
tt0232169,6.3,129
tt0158071,6.8,53
tt0262703,6.0,20
tt0086156,6.0,294
tt0366928,6.3,48
tt0816627,6.5,18
tt0268585,5.6,24
tt0086170,7.2,416
tt0086230,8.5,2683
tt0417131,6.4,11
tt0246942,6.6,9
tt0158259,5.7,77
tt0387692,4.2,6
tt0348078,5.7,169
tt0086597,7.6,1010
tt0368079,6.5,35
tt0155408,7.8,85
tt0177479,5.4,23
tt0177480,6.2,17
tt0149570,4.8,8
tt0451614,6.6,41
tt0215517,8.4,4347
tt0233226,7.2,68
tt0083570,5.6,9
tt0247933,5.9,17
tt0083569,5.7,12
tt0083578,8.0,1108
tt0239244,7.0,94
tt0268162,5.4,27
tt0339993,4.0,5
tt0083608,4.8,45
tt0268166,6.4,54
tt0246456,7.3,373
tt0083636,7.1,329
tt0082071,7.1,49
tt0320210,6.7,25
tt0083790,7.0,56
tt0242311,5.8,13
tt0262359,6.3,31
tt0439499,5.1,31
tt0266456,5.4,37
tt0083820,6.0,484
tt0379250,6.2,68
tt0361508,6.3,15
tt0313971,6.5,32
tt0215721,6.2,16
tt0247297,4.7,6
tt0359325,6.8,119
tt0257662,5.7,14
tt0349382,5.8,23
tt0262446,5.9,102
tt0082504,5.3,22
tt0157729,6.7,58
tt0155759,5.4,27
tt0265241,6.7,41
tt0361779,5.1,23
tt0084199,6.9,319
tt0359512,4.5,13
tt0248125,6.5,117
tt0260107,7.1,58
tt0208903,6.4,1075
tt0260156,5.2,34
tt0259848,5.9,19
tt0374016,3.3,6
tt0877654,5.1,7
tt0445085,6.3,18
tt0262612,5.8,16
tt0216019,7.6,348
tt0256951,8.0,659
tt0084385,7.4,2079
tt0158827,6.8,213
tt0084532,7.2,752
tt0359867,4.5,11
tt0155088,6.3,125
tt0265690,5.9,126
tt0341554,7.1,178
tt0156043,6.0,116
tt0084630,7.2,2789
tt0301810,5.8,37
tt0084667,7.7,1744
tt0158213,7.2,373
tt0362147,6.4,7
tt0259583,6.1,13
tt0379504,6.5,120
tt0249986,7.5,42
tt0430647,6.5,20
tt0338472,7.5,50
tt0362218,4.6,13
tt0084744,6.4,78
tt0245494,6.6,65
tt0425531,6.8,40
tt0084840,6.8,113
tt0945604,4.0,25
tt0153545,7.2,239
tt0084866,7.1,290
tt0250121,6.5,30
tt0260580,6.4,36
tt0397742,7.1,240
tt0082162,8.0,2045
tt0367595,6.1,41
tt0315462,7.3,48
tt0373790,7.3,48
tt0215714,7.2,61
tt0259996,5.8,125
tt0359266,6.2,34
tt0380384,5.0,10
tt0260047,6.6,25
tt0373887,6.6,21
tt0378069,6.2,37
tt0390139,6.7,35
tt0361770,6.3,19
tt0392193,4.3,7
tt0485811,5.2,8
tt0157873,5.7,26
tt0080982,7.8,448
tt0082594,6.9,1145
tt0155788,5.4,21
tt0262717,6.6,77
tt0381319,4.0,5
tt0214866,6.4,144
tt0359552,5.5,25
tt0154749,7.0,242
tt0082644,7.1,1995
tt0246033,5.4,12
tt0234141,6.4,346
tt0243396,6.1,15
tt0234054,7.2,747
tt0371809,6.4,26
tt1142320,5.5,20
tt0341496,6.3,23
tt0359688,6.5,46
tt0082797,7.1,1334
tt0082796,7.5,814
tt0390152,5.8,6
tt0262714,7.5,63
tt0237631,5.0,13
tt0158122,7.0,95
tt0313495,7.7,58
tt0083018,8.0,329
tt0215132,6.9,551
tt0360170,6.1,22
tt0479747,5.2,8
tt0246212,4.9,13
tt0390473,6.5,6
tt0367116,6.2,9
tt0083248,7.8,896
tt0246322,6.7,39
tt0083349,7.1,1429
tt0083081,7.4,2338
tt0178198,5.5,28
tt0178185,6.8,49
tt0230993,6.9,104
tt0178195,5.8,185
tt0178204,5.3,177
tt0259170,6.2,161
tt0080343,7.6,364
tt0080322,7.9,678
tt0079749,6.2,442
tt0081453,6.8,58
tt0157320,6.9,141
tt0230028,6.9,27
tt0154201,6.4,35
tt0157418,7.0,72
tt0370392,5.3,23
tt0237098,7.4,13
tt0359076,5.3,26
tt0379246,5.8,34
tt0080638,7.0,867
tt0231475,5.7,29
tt0080653,6.7,825
tt0340091,6.9,34
tt0259322,6.8,123
tt0432866,5.8,6
tt0260060,6.3,33
tt0080901,6.5,164
tt0230357,5.9,12
tt0080926,6.5,197
tt0956298,4.2,25
tt0260112,6.1,52
tt0239514,5.9,26
tt0214841,7.5,1877
tt0357826,6.0,24
tt0262534,5.0,31
tt0154730,5.8,12
tt0244585,7.7,1362
tt0368068,5.5,20
tt0154788,6.4,60
tt0157965,6.5,93
tt0257965,6.2,18
tt0316386,6.1,17
tt0268407,6.1,22
tt0360718,4.4,14
tt0362057,4.6,9
tt0156882,5.3,17
tt0246879,7.0,759
tt0358020,6.9,71
tt0081401,6.3,418
tt0156014,6.3,143
tt0253618,6.9,47
tt0081453,6.8,58
tt0400830,6.5,21
tt0079938,8.1,576
tt0081491,7.1,2281
tt0358108,6.1,33
tt0158534,6.8,1230
tt0155238,5.5,30
tt0081605,5.6,17
tt0081219,6.6,12
tt0081624,6.7,85
tt0388499,6.0,12
tt0081783,4.8,12
tt0178177,6.3,7
tt0178210,4.1,12
tt0078738,3.8,9
tt0078739,5.5,21
tt0078761,6.8,57
tt0252247,5.8,18
tt0237021,6.6,10
tt0157339,7.6,907
tt2710158,6.4,16
tt0379253,5.4,15
tt0315292,6.6,23
tt0231416,4.7,18
tt0215717,6.9,22
tt0157545,6.4,91
tt0367661,6.5,14
tt0156485,6.4,13
tt0357621,6.4,52
tt0214707,5.9,42
tt0324977,6.6,151
tt0079221,8.6,16086
tt0165805,6.9,31
tt0079236,6.6,511
tt0156581,7.7,86
tt0079263,6.6,37
tt0242504,6.6,8
tt0426016,4.3,6
tt0378071,6.5,20
tt0283417,6.7,6
tt0079355,6.0,388
tt0357809,6.7,38
tt0079364,6.6,14
tt0386556,6.1,36
tt0079382,6.9,149
tt0079386,7.7,1913
tt0359544,7.0,47
tt0381313,6.3,17
tt0151285,6.6,69
tt0260144,6.1,68
tt0359634,4.9,7
tt0157958,6.5,10
tt0079526,7.1,240
tt0081147,7.1,87
tt0378350,6.6,86
tt0079584,6.6,1213
tt0079589,6.5,19
tt0386664,6.2,8
tt0079614,6.6,98
tt0309926,6.0,127
tt0268547,6.8,32
tt0158108,5.9,18
tt0378633,5.4,5
tt0158145,7.1,16
tt0156999,6.4,14
tt0367001,5.3,11
tt0396199,6.9,7
tt0246914,6.6,121
tt0371932,4.8,10
tt0388389,7.4,47
tt0436764,4.8,12
tt0165941,5.4,9
tt0267924,7.1,9
tt0156093,6.2,17
tt0079963,6.7,895
tt0165966,6.2,34
tt0246261,7.2,76
tt0392826,7.0,29
tt0361046,6.0,5
tt0177492,6.0,21
tt0178172,5.6,17
tt0236977,4.8,12
tt0389759,6.1,20
tt0165625,7.2,333
tt0077179,7.3,93
tt0358942,5.5,13
tt0077183,5.9,16
tt0157337,7.2,72
tt0077200,6.7,49
tt0077226,6.1,87
tt0354416,6.4,26
tt0157451,6.6,36
tt0381951,5.1,8
tt0246492,6.4,31
tt0247257,6.2,9
tt0214635,6.8,16
tt0154390,7.1,136
tt0405856,7.1,49
tt0077392,5.5,13
tt0363563,6.9,45
tt0157540,7.0,175
tt0077451,7.8,10298
tt0150683,7.0,130
tt0357602,4.3,11
tt0079316,6.1,117
tt0077596,5.9,107
tt0258647,6.7,68
tt0077609,7.0,154
tt0367927,5.9,41
tt0077792,6.7,377
tt0077797,7.5,719
tt0231901,5.9,7
tt0360712,5.9,15
tt0151466,6.7,102
tt0077172,7.2,8
tt0374039,4.6,12
tt0079590,7.5,2319
tt0232164,6.5,13
tt0156832,5.1,15
tt0237564,6.3,26
tt0359830,5.4,36
tt0376071,6.8,30
tt0078139,4.7,6
tt0388387,6.5,34
tt0419107,7.3,50
tt0078241,6.3,468
tt0392784,6.4,7
tt0361061,6.1,11
tt0262801,5.6,52
tt0778877,6.9,36
tt0177485,5.5,28
tt0158293,5.9,31
tt0215338,6.3,115
tt0075618,4.9,17
tt0395434,6.1,9
tt0078204,7.1,873
tt0154178,7.0,83
tt0178196,6.1,24
tt0178207,5.6,78
tt0075632,6.5,242
tt0178217,5.5,8
tt0178212,5.0,21
tt0280394,5.2,16
tt0414806,6.4,25
tt0165610,5.8,71
tt0075653,6.8,288
tt0072632,6.3,20
tt0165613,6.8,25
tt0268141,7.1,114
tt0268146,6.9,141
tt0246433,6.5,63
tt0312538,7.9,21
tt0213544,5.7,188
tt0357533,5.4,19
tt0075825,7.0,52
tt0381079,6.5,30
tt0271421,6.0,31
tt0075826,5.8,21
tt0257475,6.9,65
tt0349212,5.6,34
tt0245854,4.7,7
tt0275291,6.7,27
tt0213611,6.7,602
tt0154415,4.6,14
tt0150348,3.2,5
tt0301215,7.0,108
tt0075669,7.5,6259
tt0075747,7.5,431
tt0075977,6.2,24
tt0150417,8.1,51
tt0157556,6.0,165
tt0367723,4.8,8
tt0360626,6.0,8
tt0150718,6.9,166
tt0373891,6.6,25
tt0156608,5.8,9
tt0076167,7.1,410
tt0076177,5.7,150
tt0366616,7.0,159
tt0245977,6.0,40
tt0322814,7.1,32
tt0255267,5.4,12
tt0359528,4.4,7
tt0275442,6.1,23
tt0158698,6.9,51
tt0298952,5.4,8
tt0076259,6.3,330
tt0363739,6.3,42
tt0215902,6.7,105
tt0311401,7.2,109
tt0215907,7.4,170
tt0244596,6.0,20
tt0382825,5.3,12
tt0357890,6.6,16
tt0369746,7.2,40
tt0076515,7.5,43
tt0165907,7.8,28
tt0299078,7.7,59
tt1176126,5.9,7
tt0076527,6.9,813
tt0158179,5.4,20
tt0152080,6.6,39
tt0154838,7.4,89
tt0368194,6.7,17
tt0076696,7.7,2758
tt0155135,6.7,21
tt0274086,6.6,13
tt0316733,6.2,31
tt0300475,6.8,201
tt0389551,3.5,8
tt0275748,7.4,26
tt0157199,7.1,8
tt0276628,6.4,104
tt0177497,3.6,19
tt0177498,4.4,9
tt0178194,5.9,26
tt0149708,7.5,53
tt0371558,6.9,81
tt0157845,7.7,70
tt0152720,6.7,117
tt0237022,6.9,169
tt0157358,5.5,50
tt0283934,5.1,7
tt0297781,6.2,22
tt0360463,5.6,50
tt0154265,6.9,67
tt0231226,6.6,42
tt0268216,6.5,150
tt0072777,8.3,3263
tt0157460,7.5,492
tt0293081,6.4,29
tt0074417,7.0,372
tt0359135,6.1,96
tt0157572,7.5,34
tt0452236,7.3,73
tt0073104,6.9,867
tt0154663,6.6,45
tt0392187,6.3,10
tt0367918,6.4,15
tt0074730,7.4,1739
tt0214832,6.8,223
tt0215898,5.6,27
tt0431873,6.4,10
tt0266712,7.1,196
tt0298327,6.4,83
tt0276309,6.5,76
tt0155846,6.1,37
tt0374033,5.8,12
tt0268449,6.6,118
tt0074858,7.7,381
tt0359728,6.1,10
tt0074926,6.6,101
tt0074949,6.2,371
tt0074955,5.3,28
tt0430508,6.3,7
tt0380660,4.2,12
tt0420139,6.6,38
tt0269818,6.4,7
tt0358138,5.7,22
tt0259571,7.1,42
tt0381585,6.1,19
tt0156082,8.1,47
tt0165972,7.0,39
tt0298582,5.5,18
tt0320792,7.0,24
tt0177504,6.8,13
tt0178174,5.4,23
tt0178180,6.5,36
tt0178186,8.2,1254
tt0072642,5.7,27
tt0231155,4.8,18
tt0297738,6.1,14
tt0373683,6.6,10
tt0259854,5.2,22
tt0156319,5.4,7
tt0244457,6.1,31
tt0243550,6.2,21
tt0359129,5.4,5
tt0361505,6.7,251
tt0246493,6.9,109
tt0072783,8.4,10409
tt0072860,8.1,9283
tt0072870,5.9,114
tt0155606,7.7,39
tt0246420,7.1,180
tt0315487,4.7,15
tt0361515,6.4,82
tt0370468,6.0,7
tt0247296,6.3,7
tt0314005,6.6,28
tt0214663,7.2,52
tt0072972,7.0,272
tt0277761,5.9,7
tt0073112,5.7,35
tt0165795,7.5,86
tt0872207,6.4,9
tt0073191,6.9,99
tt0187192,6.2,250
tt0230389,6.4,9
tt0073224,6.5,46
tt0367922,5.2,19
tt0073236,7.6,316
tt0175837,6.4,17
tt0215900,7.0,213
tt0151511,8.1,782
tt0298437,6.6,14
tt0359687,6.4,8
tt0073391,7.6,1129
tt0359738,5.8,9
tt0073458,7.6,423
tt0318584,6.5,44
tt0216110,7.2,247
tt0155997,7.0,218
tt0431350,6.0,10
tt0246190,6.7,40
tt0430561,6.0,33
tt0395743,5.4,42
tt0073569,6.6,131
tt0359960,7.5,6
tt0073657,6.8,50
tt0276542,5.7,19
tt0230913,6.8,55
tt0073707,8.2,47924
tt0073837,5.6,18
tt0247015,7.4,7
tt0824414,7.5,24
tt0158356,7.0,89
tt0073923,6.6,23
tt0073924,6.1,287
tt0360231,6.2,25
tt0368465,5.3,29
tt0071083,6.7,102
tt0071307,6.7,112
tt0231592,6.6,30
tt0175423,7.0,350
tt0154108,7.1,10
tt0268129,6.5,140
tt0156258,7.0,167
tt0233202,6.7,74
tt0071145,8.2,789
tt0357451,4.4,7
tt0233281,6.4,34
tt0370383,6.6,24
tt0071205,6.8,222
tt0246462,6.6,51
tt0268217,7.1,37
tt0315389,5.4,12
tt0276861,6.4,19
tt0175530,6.4,121
tt0071317,7.4,68
tt0429776,5.5,19
tt0155668,6.2,26
tt0357610,6.2,5
tt0071436,7.0,193
tt0233620,6.0,5
tt0156504,8.8,41
tt0357651,6.6,7
tt0071541,6.7,44
tt0357709,6.1,12
tt0239448,6.7,91
tt0357720,6.9,23
tt0242502,7.2,9
tt0304147,6.3,30
tt0298366,5.8,32
tt0395602,6.4,8
tt0430232,6.7,51
tt0154653,7.2,53
tt0250441,7.4,8
tt0312836,6.6,8
tt0071714,6.4,98
tt0155805,6.8,90
tt0243358,6.1,9
tt0157900,5.7,12
tt0246740,7.5,224
tt0071730,7.1,326
tt0071800,7.1,580
tt0122162,6.3,245
tt0156771,5.4,9
tt0418881,5.8,8
tt0071811,6.8,185
tt0155106,7.1,41
tt0156833,7.0,131
tt0244713,6.2,40
tt0070558,5.9,17
tt0358029,6.8,38
tt0072064,7.4,461
tt0176105,6.9,364
tt0072100,6.9,629
tt0072109,7.1,71
tt0266832,6.3,11
tt0177502,7.3,82
tt0232977,7.0,52
tt0069671,7.9,2379
tt0215466,7.0,169
tt0231107,7.0,5
tt0233227,4.2,36
tt0297731,7.3,29
tt0069711,7.1,252
tt0069759,5.2,19
tt0275217,6.9,64
tt0069751,6.2,81
tt0357467,5.9,7
tt0154706,6.8,166
tt0069810,7.1,1498
tt0298267,6.5,6
tt0177473,7.0,275
tt0327648,6.9,50
tt0355374,6.5,22
tt0069871,7.1,70
tt0231453,6.0,8
tt0150251,7.1,372
tt0158587,7.3,426
tt0070097,5.5,105
tt0070009,7.3,224
tt0357629,6.4,11
tt0239362,5.8,12
tt0276150,6.0,11
tt0449923,5.4,5
tt0073034,8.1,581
tt0395559,6.2,8
tt0418760,5.4,34
tt0268395,5.6,14
tt0158690,6.6,86
tt0070241,7.2,77
tt0357819,6.8,45
tt0231852,2.8,5
tt0154563,7.3,65
tt0165816,6.7,29
tt0154591,6.1,111
tt0154578,6.6,225
tt0276220,6.3,7
tt0367921,6.1,78
tt0367928,6.0,11
tt0245994,6.8,42
tt0070253,6.6,158
tt0230412,5.2,24
tt0156745,6.7,117
tt0247502,6.6,114
tt0213879,5.8,5
tt0213082,6.0,8
tt0374079,5.4,10
tt0070434,7.3,1380
tt0271670,4.4,8
tt0419092,5.5,10
tt0070637,7.2,653
tt0232626,6.9,43
tt0070935,7.4,1762
tt0070947,7.6,3380
tt0178183,6.6,25
tt0950680,6.2,5
tt0229949,6.6,24
tt0066758,8.2,1348
tt0156289,5.9,7
tt0068215,7.0,29
tt0275922,7.0,8
tt0499182,6.4,16
tt0175448,7.0,93
tt0068217,7.1,79
tt0175450,6.9,59
tt0247188,5.9,8
tt0448373,4.3,25
tt0068255,5.5,40
tt0068257,8.0,3220
tt0149814,6.9,69
tt0357472,5.2,9
tt0213500,5.9,29
tt0068305,6.9,973
tt0158579,7.2,89
tt0175564,6.9,24
tt0154413,6.9,53
tt0284039,5.6,12
tt0340092,6.5,17
tt0252385,6.1,71
tt0367662,4.7,6
tt0284056,7.5,76
tt0276925,4.8,22
tt0138411,7.0,163
tt0068531,7.7,9
tt0357627,4.9,16
tt0388913,5.6,15
tt0381157,6.3,7
tt0068532,6.1,81
tt0357691,6.6,27
tt0068620,6.1,63
tt0139248,6.1,18
tt0357710,5.5,90
tt0357717,5.1,9
tt0231468,5.6,5
tt0157736,7.4,36
tt0435079,6.7,56
tt0157841,6.2,29
tt0155775,7.0,77
tt0156651,6.9,72
tt0268416,6.3,100
tt0156754,6.5,39
tt0068929,7.0,60
tt0156791,5.7,13
tt0230527,5.7,21
tt0068938,6.9,153
tt0234261,6.1,10
tt0215911,8.6,1323
tt0067546,7.3,1317
tt0216067,7.5,744
tt0158092,6.6,168
tt0176072,6.2,13
tt0214042,6.3,57
tt0358063,6.7,168
tt0069152,5.9,68
tt0284419,6.6,22
tt0284421,5.2,12
tt0254737,6.3,9
tt0176101,6.3,29
tt0156981,4.4,7
tt0069204,6.1,13
tt0368243,5.0,6
tt0284456,7.4,93
tt0069218,6.2,113
tt0078222,6.8,1520
tt0255593,5.2,26
tt0284481,6.6,42
tt0176216,5.7,28
tt0158331,7.1,168
tt0069522,6.4,23
tt0069534,6.1,10
tt0158246,6.4,26
tt0069542,6.4,16
tt0068012,6.3,13
tt0234724,7.2,295
tt0066763,8.8,23953
tt0178192,6.6,70
tt0382527,6.0,6
tt0283844,5.2,13
tt0066766,6.8,232
tt0156290,6.9,110
tt0452143,6.7,14
tt0156340,6.2,22
tt0157398,3.6,11
tt0429652,4.0,5
tt0244443,7.1,192
tt0208855,5.8,10
tt0408695,6.3,9
tt0067000,6.2,11
tt0377636,6.1,54
tt0233604,7.8,38
tt0175590,6.4,26
tt0384822,6.0,17
tt0066888,6.8,233
tt0272118,6.9,999
tt0367695,6.1,43
tt0434915,6.7,54
tt0369446,4.6,8
tt0067164,7.3,873
tt0275363,6.7,129
tt0067183,7.3,709
tt0245935,5.3,6
tt0215859,7.2,62
tt0378073,6.1,8
tt0215827,7.1,39
tt0268394,6.6,32
tt0231830,5.8,10
tt0206054,7.1,22
tt0451780,6.9,48
tt0352457,7.1,28
tt0065927,5.0,28
tt0330505,6.9,270
tt0373959,6.6,14
tt0157887,7.1,29
tt0231898,5.5,6
tt0175835,6.2,6
tt0284248,6.9,56
tt0237395,6.3,101
tt0234174,6.5,44
tt0157964,5.1,27
tt0065936,7.1,793
tt0266757,6.9,107
tt0175904,6.9,36
tt0154865,5.9,12
tt0067403,7.2,50
tt0067421,7.6,448
tt0232081,7.0,260
tt0067478,6.9,87
tt0246842,6.3,24
tt0232288,5.2,12
tt0314487,6.2,9
tt0067553,6.5,49
tt0067555,6.9,165
tt0358043,5.0,5
tt0395715,6.2,20
tt0067651,6.0,34
tt0067636,6.4,68
tt0067668,6.8,171
tt0389351,6.7,6
tt0271166,5.6,11
tt0067742,6.9,129
tt0270666,6.9,14
tt0067840,7.3,202
tt0158292,6.5,17
tt0176272,6.8,26
tt0166008,7.2,53
tt0154685,7.3,647
tt0148691,6.9,207
tt0178184,6.4,176
tt0234542,7.4,753
tt0148692,7.3,321
tt0175756,5.9,68
tt0246286,6.6,124
tt0148375,7.2,283
tt0271023,6.8,103
tt0156641,7.1,175
tt0309005,7.1,65
tt0246848,4.9,23
tt0141135,6.9,164
tt0065758,6.1,34
tt0351714,7.2,60
tt0341563,6.8,34
tt0178218,6.8,56
tt0178191,6.6,22
tt0316506,5.9,18
tt0284443,6.5,24
tt0351790,6.0,33
tt0254354,7.5,55
tt0065764,7.2,89
tt0148266,7.0,170
tt0317902,7.0,44
tt0276063,6.4,18
tt0249398,6.9,14
tt0177486,3.7,12
tt0213475,6.6,25
tt0065467,6.1,15
tt0230079,6.4,24
tt0137455,7.1,105
tt0354503,6.7,39
tt0155691,6.6,9
tt0230263,5.5,6
tt0175735,6.5,28
tt0156611,5.9,8
tt0414156,4.4,17
tt0065903,6.8,38
tt0139392,5.4,17
tt0175874,7.2,20
tt0065484,5.8,392
tt0230498,6.7,32
tt0066070,8.0,4284
tt0215988,6.8,42
tt0374066,4.7,19
tt0361936,5.9,14
tt0361948,6.6,17
tt0268519,7.1,72
tt0176003,6.2,9
tt0442610,7.9,39
tt0066241,7.0,180
tt0284411,4.6,8
tt0268555,7.1,8
tt0275616,4.4,5
tt0316529,6.2,13
tt0066589,6.1,21
tt0158449,6.4,121
tt0147812,7.1,23
tt0233220,5.7,41
tt0247173,3.7,9
tt0242272,6.3,10
tt0387050,4.8,8
tt0155530,7.1,72
tt0237035,5.8,9
tt0147973,5.0,13
tt0064164,6.5,35
tt0215713,7.5,48
tt0157544,6.2,28
tt0065416,7.6,1458
tt0229950,6.7,92
tt0064244,7.4,49
tt0214665,6.5,174
tt0451048,6.6,36
tt0064396,5.6,107
tt0300033,6.9,42
tt0064086,7.4,317
tt0064241,7.0,218
tt0175788,6.6,26
tt0246713,6.4,18
tt0148353,6.9,67
tt0275489,7.3,79
tt0064506,7.4,811
tt0242639,6.5,11
tt0064842,6.8,113
tt0230670,6.9,92
tt0244741,6.3,18
tt0237636,6.9,11
tt0371908,6.2,27
tt0316521,7.3,46
tt0320394,7.0,53
tt0142431,7.8,486
tt0064857,6.8,49
tt0378751,6.3,27
tt0065064,6.6,144
tt0244776,8.3,597
tt0064935,7.2,49
tt0158294,6.5,68
tt0362283,5.7,14
tt0149345,5.9,37
tt0158375,7.1,75
tt0233587,6.3,58
tt0147811,7.1,287
tt0064915,6.6,187
tt0229950,6.7,92
tt0148523,7.0,232
tt0148841,7.0,86
tt0063404,8.1,5471
tt0320100,7.3,62
tt0147925,6.9,320
tt0062640,7.0,172
tt0062918,7.1,52
tt0290393,6.1,18
tt0147855,7.3,171
tt0147811,7.1,287
tt0239452,7.2,85
tt0138994,7.2,19
tt0147843,7.2,76
tt0233255,5.5,20
tt0062692,6.3,51
tt0139046,7.4,44
tt0157346,5.0,7
tt0147925,6.9,320
tt0062748,6.5,11
tt0230176,6.3,10
tt0060317,7.1,60
tt0063003,6.8,33
tt0063111,6.8,15
tt0254437,7.1,61
tt0290685,6.8,142
tt0154702,6.1,11
tt0063178,6.9,18
tt0213773,5.9,35
tt0175908,7.0,62
tt0290763,6.7,49
tt0214037,6.9,41
tt0063532,7.5,68
tt0063533,6.8,115
tt0231521,6.2,6
tt0063540,7.0,79
tt0293634,7.2,38
tt0148706,6.4,115
tt0146335,7.6,496
tt0378820,5.3,23
tt0232585,7.4,60
tt0062177,7.4,770
tt0061650,6.5,83
tt0175420,6.3,24
tt0306065,7.1,107
tt0061744,7.2,299
tt0061963,7.7,35
tt0176012,6.8,112
tt0061974,6.9,133
tt0233193,6.5,33
tt0074503,6.9,262
tt0061842,8.0,1547
tt0231150,6.7,94
tt0061366,6.1,82
tt0061370,7.2,49
tt0061378,7.6,69
tt0139048,6.5,60
tt0247203,7.4,143
tt0175497,6.9,27
tt0175508,5.8,16
tt0061463,4.9,21
tt0139107,6.9,39
tt0061467,6.6,31
tt0178181,6.3,67
tt0062897,6.8,95
tt0212123,6.9,33
tt0497376,6.7,11
tt0219071,6.1,17
tt0268349,6.5,17
tt0061753,8.0,45
tt0349634,5.7,22
tt0369595,6.9,18
tt0372448,6.5,17
tt0139447,7.6,73
tt0425287,6.3,12
tt0158026,6.6,36
tt0139502,5.8,16
tt0206238,6.6,105
tt0156923,7.6,54
tt0155370,5.5,32
tt0176327,6.7,7
tt0139525,6.3,194
tt0061046,6.9,105
tt0060689,7.7,760
tt0061842,8.0,1547
tt0231469,7.2,76
tt0229952,7.1,86
tt0176121,6.7,41
tt0061073,7.7,963
tt0214653,6.6,36
tt0146335,7.6,496
tt0062177,7.4,770
tt0176075,7.1,146
tt0137361,7.4,340
tt0060145,7.0,74
tt0213532,7.4,59
tt0175547,6.3,9
tt0175546,5.9,18
tt0060306,7.2,67
tt0060104,6.7,154
tt0157944,6.9,128
tt0182637,7.6,123
tt0418818,5.0,8
tt0157944,6.9,128
tt0316268,7.2,25
tt0364555,6.5,22
tt0247680,5.3,16
tt0061072,7.9,667
tt0176075,7.1,146
tt0397743,6.2,6
tt0061206,6.6,49
tt0235963,6.7,23
tt0149574,5.8,6
tt0058921,7.1,206
tt0207331,5.5,15
tt0271397,6.7,93
tt0059023,6.9,19
tt0252318,6.6,12
tt0139525,6.3,194
tt0059246,8.5,6661
tt0156606,7.0,73
tt0357769,6.7,22
tt0317751,7.0,150
tt0139065,6.5,32
tt0231827,6.9,41
tt0059354,6.9,127
tt0139398,6.2,101
tt0242636,7.0,55
tt0059445,7.7,48
tt0247394,7.2,1125
tt0308640,6.7,32
tt0154954,4.6,9
tt0236554,7.3,37
tt0059610,6.9,21
tt0139548,6.9,31
tt0305689,7.0,247
tt0215126,6.6,11
tt0293589,7.7,312
tt0059709,6.8,588
tt0155179,4.4,5
tt0274944,6.9,154
tt0233147,6.6,98
tt0146645,8.4,1368
tt0058772,6.8,40
tt0314557,7.0,131
tt0058257,7.1,420
tt0154565,7.8,404
tt0058774,6.6,41
tt0244977,5.9,29
tt0057815,6.2,14
tt0233145,6.6,31
tt0357433,6.1,20
tt0231204,5.7,13
tt0058547,7.5,1381
tt0059893,7.8,1020
tt0057882,6.9,27
tt0214639,5.9,25
tt0440196,6.8,20
tt0138360,7.4,71
tt0233603,8.3,48
tt0156444,6.8,18
tt0137847,5.6,15
tt0418698,7.0,24
tt0139237,7.1,35
tt0058045,7.2,74
tt0232960,7.6,746
tt0058270,6.8,109
tt0058287,7.3,172
tt0357882,5.9,7
tt0357926,6.9,90
tt0139446,7.1,23
tt0234230,6.2,11
tt0379299,6.7,79
tt0139584,7.1,46
tt0156903,7.6,31
tt0358102,7.8,8
tt0155161,5.0,20
tt0268631,6.4,18
tt0246923,5.9,13
tt0232960,7.6,746
tt0058759,7.3,70
tt0266765,7.0,168
tt0057555,6.9,109
tt0057409,7.1,66
tt0057120,7.0,107
tt0058467,5.7,24
tt0057332,7.7,59
tt0139003,6.5,22
tt0230771,5.6,38
tt0057568,7.4,354
tt0175651,7.2,26
tt0056850,7.7,695
tt0056805,6.7,35
tt0139157,6.8,115
tt0056866,5.5,17
tt0254164,6.8,32
tt0213524,6.4,94
tt0056850,7.7,695
tt0364232,6.6,21
tt0056998,7.2,103
tt0057024,6.1,40
tt0268331,6.1,14
tt0175608,6.5,16
tt0268342,7.0,26
tt0389067,4.4,7
tt0231853,7.5,24
tt0234070,6.3,9
tt0139402,6.9,41
tt0057162,6.8,298
tt0056232,8.0,48
tt0057356,7.1,18
tt0242760,6.7,35
tt0362023,6.0,13
tt0374146,4.6,8
tt0276438,4.6,14
tt0133188,6.3,21
tt0778828,5.8,6
tt0176128,5.9,34
tt0152400,6.6,12
tt0158314,7.5,28
tt0447559,4.9,11
tt0057699,6.0,41
tt0055783,7.1,299
tt0056379,7.1,191
tt0244409,7.5,223
tt0250339,7.1,70
tt0368239,6.7,11
tt0054591,6.7,51
tt0878098,5.6,5
tt0206554,7.2,87
tt0055930,6.6,17
tt0055767,6.9,105
tt0206554,7.2,87
tt0212965,4.4,9
tt0056047,5.8,5
tt0055949,6.7,39
tt0156593,6.9,61
tt0056120,5.0,6
tt0056213,7.6,36
tt0234195,7.1,35
tt0056052,7.5,416
tt0056367,7.5,55
tt0056806,7.1,51
tt0156922,6.4,36
tt0056394,6.7,12
tt0234700,7.2,21
tt0155195,7.3,11
tt0268489,5.6,348
tt0054910,7.7,467
tt0146791,7.4,43
tt0055035,7.2,422
tt0155286,5.2,25
tt0053566,7.0,29
tt0230348,6.8,105
tt0246916,6.6,35
tt0225961,7.5,351
tt0268220,6.9,165
tt0056436,8.3,1369
tt0135168,7.3,35
tt0138323,5.2,27
tt0055039,7.8,286
tt0055444,7.4,36
tt0379167,6.5,14
tt0054737,7.2,36
tt0158585,7.1,63
tt0415024,6.8,8
tt0230348,6.8,105
tt0130803,7.0,532
tt0232066,7.5,47
tt0055164,7.2,28
tt0482800,6.8,32
tt0055220,7.1,36
tt0269665,4.8,14
tt0055385,6.7,30
tt0242840,7.2,42
tt0246916,6.6,35
tt0176192,7.5,18
tt0372038,6.0,15
tt0053637,6.9,110
tt0054098,8.3,6480
tt0053706,7.3,372
tt0156593,6.9,61
tt0055508,8.1,1179
tt0053999,6.6,129
tt0053767,6.8,119
tt0053965,7.4,378
tt0053985,7.8,312
tt0146794,6.8,23
tt0053980,7.4,215
tt0137362,6.5,149
tt0231254,5.3,33
tt0318405,7.2,83
tt0053708,7.6,175
tt0053728,5.7,14
tt0053629,7.0,128
tt0302479,6.9,25
tt0233345,6.1,10
tt0274481,6.4,17
tt0053767,6.8,119
tt0053791,6.8,34
tt0053928,7.1,45
tt0130797,7.3,63
tt0271587,6.8,17
tt0054059,7.1,40
tt0053965,7.4,378
tt0147036,7.2,16
tt0055276,6.9,102
tt2100612,3.9,8
tt0054302,6.9,45
tt0268639,6.3,51
tt0158291,5.4,8
tt0054430,6.9,21
tt0274791,7.2,18
tt0391555,6.4,9
tt0053152,6.8,52
tt0298078,6.4,119
tt0052560,8.0,608
tt0052736,6.8,134
tt0156576,7.3,32
tt0230141,7.0,124
tt0053319,7.3,271
tt0255050,6.4,31
tt0139116,7.2,35
tt0052560,8.0,608
tt0139027,5.9,36
tt0139106,6.5,11
tt0214402,6.6,31
tt10833860,7.4,38
tt0052940,4.7,6
tt0135399,7.2,55
tt0139110,7.5,34
tt0052926,6.8,29
tt0233292,4.7,6
tt0052954,8.0,1813
tt0052960,6.6,36
tt0245239,7.6,45
tt0053035,6.7,52
tt0385978,6.2,6
tt0050665,8.1,1076
tt0128985,8.0,1250
tt0052411,7.2,179
tt0268533,7.6,65
tt0250803,7.5,170
tt0139607,6.3,7
tt0052154,7.3,47
tt0052051,6.7,47
tt0051806,7.2,235
tt0051747,7.0,159
tt0247291,7.0,51
tt0052065,6.6,31
tt0051340,6.8,31
tt0229966,6.2,10
tt0051348,6.4,32
tt0051335,7.0,52
tt0268252,6.6,14
tt0231451,6.5,6
tt0231474,6.0,7
tt0373814,4.1,8
tt0376621,6.6,16
tt0243341,6.3,11
tt0357898,5.4,5
tt0051842,7.5,24
tt0154731,5.8,11
tt0052116,6.2,11
tt0139581,5.7,15
tt0052201,5.9,7
tt0247712,6.7,7
tt0052217,7.0,118
tt0232759,6.6,15
tt0425385,5.9,8
tt0050665,8.1,1076
tt0050758,8.1,970
tt0390653,5.3,6
tt0050188,8.1,7862
tt0050322,8.4,1548
tt0050829,7.1,191
tt0052411,7.2,179
tt0050090,6.5,19
tt0233326,6.9,36
tt0050870,8.5,4767
tt0051117,7.0,93
tt0050734,7.6,77
tt0137341,7.5,69
tt0050956,6.6,83
tt0157524,7.4,27
tt0215743,5.9,11
tt0050587,6.9,26
tt0269344,6.3,9
tt0274477,6.7,13
tt0274353,7.5,26
tt0050757,6.9,126
tt0050820,7.0,80
tt0243447,6.4,17
tt0267701,6.9,10
tt0050870,8.5,4767
tt0257209,7.1,13
tt0049041,7.4,559
tt0050829,7.1,191
tt0049072,7.9,415
tt0048987,7.3,28
tt0049549,7.5,59
tt0129331,6.5,13
tt0049175,6.8,35
tt0384608,6.7,56
tt0259214,5.7,14
tt0049243,7.2,65
tt0227982,6.6,7
tt0231078,2.8,5
tt0155541,5.6,20
tt0049072,7.9,415
tt0049138,5.4,13
tt0325527,6.7,14
tt0139303,6.5,36
tt0231763,5.6,14
tt0268384,5.3,13
tt0049412,6.0,8
tt0049071,5.6,8
tt0049378,8.4,773
tt0374154,6.3,9
tt0047439,7.2,6
tt0131852,7.1,114
tt0048756,7.3,53
tt0048392,7.2,392
tt0273681,7.1,63
tt0049545,6.2,11
tt0048395,7.4,78
tt0266858,7.1,33
tt0047990,8.0,1580
tt0146266,7.6,87
tt0138996,5.0,6
tt0047796,4.9,18
tt0048613,8.1,2293
tt0145856,7.1,88
tt0047816,7.2,13
tt0377632,5.8,10
tt0325447,7.5,13
tt0231209,6.7,25
tt0236210,5.5,15
tt0420765,6.4,16
tt0048181,7.3,62
tt0048271,6.6,13
tt0137954,7.2,14
tt0048537,7.3,20
tt0244184,8.0,15
tt0245486,6.5,12
tt0048816,5.9,9
tt0232166,6.5,29
tt0048410,6.5,50
tt0047561,7.1,233
tt0137958,7.6,93
tt0046673,6.8,198
tt0145851,6.9,110
tt0046703,6.8,137
tt0280397,6.6,10
tt0233217,7.0,5
tt0046799,8.2,651
tt0139039,6.5,17
tt0267289,7.2,13
tt0157341,6.4,16
tt0134301,6.8,22
tt0046780,6.1,39
tt0048756,7.3,53
tt0047060,6.4,21
tt0139108,5.1,7
tt0140370,6.2,14
tt0047271,7.7,59
tt0137958,7.6,93
tt0145851,6.9,110
tt0156317,6.1,7
tt0144603,5.2,20
tt0046799,8.2,651
tt0392803,5.4,8
tt0045506,7.3,61
tt0259390,5.8,13
tt0045693,8.4,1537
tt0132166,7.3,46
tt0046164,6.7,100
tt0148842,7.0,31
tt2403201,9.0,2968
tt0045467,7.2,236
tt0177474,5.0,5
tt0134292,6.5,16
tt0154126,6.2,10
tt0045524,4.9,14
tt0045529,7.0,78
tt0231817,5.8,12
tt0044769,7.1,72
tt0158074,7.8,56
tt0158209,4.6,9
tt0148842,7.0,31
tt0044392,7.4,296
tt0044761,7.4,90
tt0044527,7.0,140
tt0389440,7.3,17
tt0044360,7.3,52
tt0267695,7.2,12
tt0044318,7.1,228
tt0130991,7.4,73
tt0154106,7.2,24
tt0044318,7.1,228
tt0213447,6.7,44
tt0139012,5.6,14
tt0215515,7.5,77
tt0126264,5.0,10
tt0331294,7.1,21
tt0358004,5.9,16
tt0130991,7.4,73
tt0139635,7.7,34
tt0137349,6.6,58
tt0158457,7.8,52
tt0043307,7.4,275
tt0128909,6.8,34
tt0043310,6.2,15
tt0043306,8.0,3185
tt0137459,7.7,178
tt0260168,7.4,16
tt0133014,7.1,39
tt0231807,5.8,8
tt0140302,6.4,8
tt0139443,6.8,12
tt0043842,6.3,10
tt0130989,6.7,19
tt0139583,6.5,15
tt0043997,6.1,31
tt0129422,6.8,106
tt0177482,5.9,9
tt0214404,5.7,6
tt0042184,6.3,17
tt0267266,6.2,5
tt0042207,6.6,37
tt0042233,6.7,27
tt0128962,6.4,13
tt0331186,7.0,50
tt0042380,6.9,44
tt0141441,7.3,59
tt0268614,6.1,21
tt0244182,6.2,20
tt0269826,6.8,21
tt0243555,7.0,13
tt0213081,7.0,9
tt0055949,6.7,39
