movie_id,imdb_id
81671,43306
106462,46164
185225,47561
141102,47990
173987,48613
41650,50188
118446,50820
71444,50870
72325,52954
141100,53319
168406,54098
137490,55508
178673,56052
167466,56436
96086,57162
97254,59709
146110,63404
140142,64086
108432,64396
146112,64506
94725,65484
146114,66070
178079,66763
72587,67546
152455,68257
116704,70947
79838,71145
146118,71205
78196,72777
144686,72783
117506,72860
107853,73034
34435,73707
79507,75669
45036,76696
69136,77451
181251,79221
146124,79355
142825,79938
141203,80322
147055,82162
146132,82796
178903,83018
143164,83081
157178,85178
146134,85743
146136,85913
146140,86170
154949,87417
146144,89413
146148,90812
146152,91328
146156,93578
31600,94979
148066,95857
6244,96028
146158,96252
136986,99429
135775,99652
146164,100095
146172,101244
135733,102701
146170,102825
146178,104561
155090,105271
146180,105500
146184,106204
142823,106333
568,106408
146186,107166
96275,107199
146190,107311
146188,107321
84500,108256
134352,109010
133767,109117
2284,109206
120486,109555
146220,109922
83457,110076
112501,110222
146218,110280
135729,110438
134336,110546
146216,111308
146224,112459
36086,112870
76291,113526
134240,114234
139,114618
185459,114726
146238,115484
166818,115568
6683,116308
146240,116407
146236,116690
146230,116763
146232,116898
146234,117437
151975,118578
146256,118673
1900,118849
146252,118931
146244,118983
146250,119239
146248,119428
109096,119861
134356,120456
146222,121989
146138,123102
146182,126234
121133,133024
146246,135161
146228,135641
146226,135666
135771,136352
180845,139525
34466,150992
135799,151150
146358,152836
146128,156014
146122,157339
156821,158375
142837,162480
27131,164538
112594,164550
181751,169102
27163,172684
146260,173080
134238,190419
146366,195002
180885,195231
132952,200087
146380,206067
146372,207341
132948,207415
83038,208903
146368,209263
146258,210609
142835,210659
135737,211126
146262,211634
135769,211934
74426,213890
146378,214931
146364,216707
146360,216817
146402,218533
146376,220594
146406,220596
135773,220757
132950,220832
101664,222012
77210,222024
146254,225029
146362,226847
76238,227194
146390,232079
146242,233422
146374,233856
83266,234000
27326,238936
133769,242519
146126,244585
146120,245977
183717,246825
125479,247394
152340,247911
146412,247944
181051,247992
146396,248012
27362,248126
134232,248185
152350,248216
135725,248428
151977,248617
5985,249371
146410,249588
146400,250415
146394,250483
146392,250690
184351,251355
135731,251756
146398,252277
146142,253514
146130,253618
101719,254481
146174,254683
146382,255097
146384,255111
146386,255305
146388,255309
181197,255713
82902,256692
146166,259877
99119,260155
146154,260411
146162,260494
146168,261296
146408,263491
83339,265148
146146,266260
135587,266875
136493,267363
146176,267617
146116,272118
83337,272736
151983,273406
151963,278291
151965,278522
151967,281102
146370,281913
135783,284137
151973,284328
146404,286504
151971,287537
103363,289845
151981,290326
146192,290331
135819,290820
134354,291376
27518,292490
151985,292740
188691,293342
138232,294264
152364,294662
135763,296574
151979,300028
146160,300160
151987,305173
189319,306228
84238,306434
151969,306855
152356,307873
6674,311356
180601,314006
152342,315632
135791,319020
148811,319736
152348,320097
134234,323013
152338,326576
152360,326600
152222,326722
152358,326983
83956,327071
183813,328998
152362,330843
152346,331479
76241,331639
180359,331851
152344,332766
82906,337578
30905,337585
152354,337971
152810,340178
135583,341266
152352,341455
152816,345043
141201,345177
76269,346723
74404,347167
27729,347304
152870,347332
152824,347416
36083,347473
152830,348656
135593,349333
152986,349878
152890,352314
152814,353351
153260,357283
152828,362771
189687,363525
152898,364604
152820,364621
152812,366276
152882,366985
73513,367110
152888,368580
152826,369516
178331,369637
152822,371775
152818,371922
152836,373856
80777,374271
152808,374848
171751,374887
35828,375611
156375,377131
73900,378072
134593,379370
145498,379375
48239,382383
152832,382385
134346,384491
152886,387989
153020,390614
152878,391274
146150,395453
152900,396563
154015,396690
50279,397551
152834,399942
133699,400234
118762,403935
79195,405266
152868,405507
55098,405508
89632,406977
152876,408976
136848,409527
152892,409724
152904,411815
105884,412308
152880,415003
153032,415768
152978,415908
152884,416282
153042,416712
152902,418096
82980,418362
158697,418460
134334,419058
8971,420332
107707,422091
152872,422236
152894,426075
152874,430328
134342,432047
46770,432637
51884,433416
152896,435437
134344,437238
33688,437407
173827,439662
135829,441048
152992,443594
153046,443708
152980,444781
153006,444849
153008,444913
153052,447890
76132,448206
74406,449306
58111,449994
171737,449999
142817,451631
153000,451787
152988,451803
152984,451833
42208,451850
153030,451919
153028,451983
142831,453671
134236,453729
152998,454431
153034,454435
132456,456144
69269,456165
153548,456413
152982,456500
134340,457875
52182,459605
101640,461936
142833,464160
136497,466460
135837,473310
152996,475627
152990,475645
135555,476527
163460,476550
135591,476649
153552,476805
141162,476884
153558,476888
153554,477252
153012,477253
135735,477857
153550,480572
78408,485272
178329,485522
153556,488381
135767,488414
153766,488798
153778,489486
109277,490170
134338,490210
83430,493417
153538,495032
135777,495034
137593,497915
152994,499041
73051,499375
58933,758053
105338,770214
149670,795434
152593,805184
184223,806088
135797,811066
153542,813540
152557,819810
153772,823451
142570,824316
153562,827714
153560,831816
153546,833561
143565,839742
163312,845448
153782,860454
91844,871510
81087,886539
153800,892874
153540,897413
153792,964516
72953,976026
163046,979891
86438,985636
73170,986213
57183,986264
153798,991346
134332,995031
153784,995035
153768,995740
153816,995752
153774,995827
153826,1002963
119080,1012757
153780,1014672
106064,1017456
153776,1020937
56167,1024943
190665,1039995
76051,1043451
105599,1060249
186821,1077248
71460,1084972
91250,1091229
153804,1092005
71688,1093370
153770,1099196
161105,1105733
185211,1114725
74641,1146325
153824,1156148
83424,1166100
145496,1172587
153796,1182908
64650,1182937
153790,1182972
153963,1183946
153794,1185420
73881,1187043
178397,1188982
74787,1188996
82154,1194236
112909,1198101
117148,1202540
153806,1216300
175571,1221139
78557,1227762
135603,1230165
69187,1230448
164431,1239276
184225,1242530
152499,1244093
158408,1252596
87882,1255951
133697,1261047
78192,1263679
189053,1266545
135761,1274295
184221,1275863
109093,1285241
126152,1285245
160279,1288638
160454,1292703
135589,1301698
118258,1319716
134230,1324059
76056,1328634
150320,1334470
184209,1340838
136491,1345777
79974,1351224
165607,1363125
153961,1370429
82097,1373156
162844,1375789
160450,1388903
78488,1391544
78410,1392744
93923,1395025
137112,1395054
182705,1396208
95697,1431122
129786,1433810
153996,1433905
94661,1434447
150296,1438298
81111,1447508
154077,1455811
152011,1499201
150322,1532957
112640,1562871
89554,1562872
78873,1570417
163456,1572311
163466,1573072
184219,1578261
182339,1605790
160448,1608777
83264,1610452
160283,1618430
154075,1620719
93782,1620933
99061,1629376
83004,1629391
160452,1629715
100336,1639426
134781,1667838
134867,1694542
94190,1708453
160281,1714832
154162,1720254
88065,1728239
154160,1729637
154158,1734110
108160,1736552
160446,1738293
134779,1740710
160456,1773015
132468,1773764
169074,1785333
105477,1787988
182563,1806913
154085,1808221
94969,1821480
163458,1830786
135823,1833673
135789,1836912
135601,1839596
160273,1848771
142382,1849718
154164,1883121
167988,1890363
160462,1907761
154154,1916728
103671,1918886
163470,1918965
103050,1926313
88069,1934231
91241,1948150
100727,1949548
142829,1954206
97648,1954470
91805,1954598
93921,1980986
94900,1985981
155575,1992138
184233,2016894
175697,2027138
177815,2057441
105290,2072227
135781,2073070
98956,2082197
162744,2106537
104379,2112124
99731,2112131
160464,2130242
166151,2137241
139205,2140465
142384,2168910
98000,2172071
154170,2175671
134777,2176013
108514,2178470
135839,2181831
99636,2181931
135765,2199711
117310,2203308
109728,2213054
112905,2215477
154168,2222550
142677,2224317
104996,2229842
160444,2246724
175559,2255934
98198,2283748
160277,2292625
97042,2308773
154458,2309764
156587,2309987
94663,2317337
139865,2334779
120138,2338151
163454,2344678
107883,2350496
158695,2354407
103639,2356180
192515,2357926
129788,2359810
160458,2362778
158691,2372222
154470,2372678
105343,2377938
103641,2385104
184205,2392447
154352,2406676
135494,2408040
131021,2417560
135500,2424988
163472,2429640
144934,2436516
121370,2461132
105084,2476154
134182,2556308
154346,2571140
159207,2573750
112903,2574698
159215,2614722
191307,2615584
154348,2621000
154344,2658126
154462,2675978
154464,2679480
151617,2708550
184197,2762334
134330,2797242
183383,2806788
135204,2855648
129437,2882328
150344,2905838
168168,2929690
135841,2932606
137920,2979920
109455,2980794
154350,2988272
148070,3001638
134815,3017412
151997,3019620
169482,3043252
154472,3142232
138804,3142688
147940,3148502
154468,3173910
112907,3175038
170989,3177332
189875,3290688
155460,3309662
135875,3322420
186637,3359290
156545,3368222
172387,3380264
115973,3390572
151547,3398052
184193,3405236
190769,3410408
134178,3447364
141058,3449292
154466,3449320
141704,3469244
135224,3483612
154460,3483712
135795,3495000
157106,3495026
130492,3495030
181035,3514330
135919,3531852
150340,3554418
147024,3595298
133695,3614516
156589,3619772
154480,3619854
134180,3678782
184195,3678938
184199,3679000
162656,3679060
133949,3683702
158876,3696192
184995,3709344
133229,3717068
175597,3720634
152689,3726012
149606,3735246
132358,3742284
133389,3767372
154478,3796006
141120,3802576
160460,3836958
130618,3848892
184203,3848938
162672,3859980
139148,3863552
163591,4088588
155285,4110568
184231,4129428
183979,4169250
142030,4228746
154482,4333674
144684,4354740
151459,4387040
151461,4399594
144984,4430136
141702,4430212
160301,4434004
150268,4535650
165723,4559006
141060,4635372
184781,4640206
157332,4683366
162668,4744086
176697,4807830
160436,4814290
161034,4832640
162648,4864932
154828,4865436
159606,4900716
159437,4906984
167840,4909752
148058,4934950
170637,4977530
159065,4979082
161094,5005684
167392,5074352
154276,5121000
191311,5156746
162542,5165344
178489,5197544
151804,5207116
170459,5235880
161177,5240748
152067,5286444
155758,5310090
189861,5325684
182395,5456546
169888,5460276
179697,5472374
165901,5472758
176063,5502766
184217,5542802
168962,5571734
186785,5613834
192773,5638474
160555,5662932
176249,5690142
161608,5713232
179389,5745450
168656,5764024
177095,5764096
181245,5785170
174661,5882970
184165,5935704
164443,5943306
167038,5946128
184229,5956100
176331,5997666
180269,5997928
179397,6108090
183231,6206564
173175,6277440
184779,6405126
190765,6452574
178933,6484982
184215,6537508
186749,6588966
183385,6712014
184551,6774212
181079,6791730
190823,6826438
190767,6843812
193635,6923462
187661,6926486
184213,6967980
184993,6971752
193843,7098658
187663,7180544
185601,7363076
184235,7399470
190763,7431594
184211,7469726
181637,7549484
184941,7581902
191377,7638344
190307,7700730
184583,7853242
193073,8108202
193139,8202612
